[
  {
    "Sender": "qazallth",
    "Receiver": "sogolmrtzpr",
    "Text": "hi how're u",
    "Time Stamp": "2025-04-19 19:03",
    "Likes": []
  },
  {
    "Sender": "sogolmrtzpr",
    "Receiver": "qazallth",
    "Text": "good",
    "Time Stamp": "2025-04-19 19:05",
    "Likes": [
      "qazallth"
    ]
  },
  {
    "Sender": "qazallth",
    "Receiver": "sarinafarahani",
    "Text": "wee",
    "Time Stamp": "2025-04-19 19:09",
    "Likes": [
      "qazallth"
    ]
  },
  {
    "Sender": "qazallth",
    "Receiver": "sarinafarahani",
    "Text": "meeoow",
    "Time Stamp": "2025-04-19 20:25",
    "Likes": [
      "qazallth"
    ]
  }
]