[
  {
    "PostID": 1,
    "Owner": "qazallth",
    "Caption": "hi guys",
    "Likes": [],
    "Comments": [
      {
        "Username": "qazallth",
        "Text": "@sarinafarahani hi"
      }
    ],
    "Saves": [
      "sogolmrtzpr",
      "bahar12"
    ],
    "Shares": 0,
    "Timestamp": "2025-04-19 10:59"
  },
  {
    "PostID": 2,
    "Owner": "sarinafarahani",
    "Caption": "nice day",
    "Likes": [
      "qazallth"
    ],
    "Comments": [
      {
        "Username": "qazallth",
        "Text": "lovely"
      }
    ],
    "Saves": [
      "qazallth"
    ],
    "Shares": 1,
    "Timestamp": "2025-04-19 11:00"
  },
  {
    "PostID": 3,
    "Owner": "qazallth",
    "Caption": "lili",
    "Likes": [
      "qazallth"
    ],
    "Comments": [],
    "Saves": [],
    "Shares": 0,
    "Timestamp": "2025-04-19 19:02"
  }
]