[
  {
    "Story id": 1,
    "Owner": "sogolmrtzpr",
    "Content": "yaay",
    "Timestamp": "2025-04-18 12:00",
    "Likes": [
      "qazallth"],
    "Shares": 0
  },
  {
    "Story id": 2,
    "Owner": "qazallth",
    "Content": "meow",
    "Timestamp": "2025-04-18 22:24",
    "Likes": [],
    "Shares": 1
  },
  {
    "Story id": 3,
    "Owner": "qazallth",
    "Content": "sunny",
    "Timestamp": "2025-04-19 10:59",
    "Likes": [],
    "Shares": 0
  },
  {
    "Story id": 4,
    "Owner": "bahar12",
    "Content": "good day",
    "Timestamp": "2025-04-19 11:47",
    "Likes": [
      "bahar12"
    ],
    "Shares": 0
  }
]