[
  {
    "Username": "qazallth",
    "Email": "qazalth@gmail.com",
    "Password": "12345678",
    "Name": "Qazal",
    "Bio": "meow",
    "Private": false,
    "Follow Requests": [],
    "Followings": [
      "sarinafarahani",
      "sogolmrtzpr"
    ],
    "Followers": [],
    "BlockedList": [],
    "SavedPosts": [
      2
    ]
  },
  {
    "Username": "sarinafarahani",
    "Email": "",
    "Password": "12345678",
    "Name": "Sarina",
    "Bio": "",
    "Private": false,
    "Follow Requests": [],
    "Followings": [],
    "Followers": [
      "qazallth"
    ],
    "BlockedList": [],
    "SavedPosts": []
  },
  {
    "Username": "sogolmrtzpr",
    "Email": "sogolmrtzpr@gmail.com",
    "Password": "12345678",
    "Name": "",
    "Bio": "",
    "Private": false,
    "Follow Requests": [],
    "Followings": [],
    "Followers": [
      "qazallth"
    ],
    "BlockedList": [],
    "SavedPosts": [
      1
    ]
  },
  {
    "Username": "bahar12",
    "Email": "" ,
    "Password": "123456789",
    "Name": "baharaqi",
    "Bio": "salam",
    "Private": false,
    "Follow Requests": [],
    "Followings": [],
    "Followers": [],
    "BlockedList": [],
    "SavedPosts": [
      1
    ]
  }
]